{
  "name": "jspdf",
  "homepage": "https://github.com/mrrio/jspdf",
  "description": "PDF Document creation from JavaScript",
  "main": "dist/jspdf.debug.js",
  "moduleType": [
    "amd",
    "globals"
  ],
  "keywords": [
    "pdf"
  ],
  "license": "MIT",
  "ignore": [
    "**/.*",
    "libs",
    "CNAME",
    "jspdf.js",
    "examples/jspdf.PLUGINTEMPLATE.js",
    "plugins/*",
    "todo.txt",
    "wscript.py",
    "build.sh",
    "test",
    "tools"
  ],
  "version": "1.2.61",
  "_release": "1.2.61",
  "_resolution": {
    "type": "version",
    "tag": "v1.2.61",
    "commit": "5e8bd00e640653048554e9474f157ba4479dd669"
  },
  "_source": "https://github.com/trosen333/jsPDF.git",
  "_target": "^1.2.61",
  "_originalSource": "jsPDF-html2canvas",
  "_direct": true
}