{
  "name": "pusher-angular",
  "main": "lib/pusher-angular.js",
  "version": "0.1.9",
  "homepage": "https://github.com/pusher/pusher-angular",
  "authors": [
    "Hamilton Chapman <hamilton@pusher.com>"
  ],
  "description": "The official Pusher Angular library",
  "keywords": [
    "angular",
    "angularjs",
    "pusher",
    "realtime",
    "websocket"
  ],
  "license": "MIT",
  "ignore": [
    "**/.*",
    "tests",
    "karma.conf.js",
    "README.md",
    "LICENSE"
  ],
  "devDependencies": {
    "angular-mocks": "latest"
  },
  "dependencies": {
    "angular": "latest"
  },
  "_release": "0.1.9",
  "_resolution": {
    "type": "version",
    "tag": "v0.1.9",
    "commit": "a65587d80b27e26f15a7cb250337358075a9ad54"
  },
  "_source": "https://github.com/pusher/pusher-angular.git",
  "_target": "^0.1.9",
  "_originalSource": "pusher-angular",
  "_direct": true
}